<?xml version="1.0" encoding="UTF-8"?>
<window>
	<defaultcontrol always="true">9000</defaultcontrol>
	<include>16x9_xPos_Relocation</include>
	<include>Window_OpenClose_Animation_Zoom</include>
	<coordinates>
		<posx>0</posx>
		<posy>0</posy>
	</coordinates>
	<controls>
		<include>BehindDialogFadeOut</include>
		<control type="image">
			<posx>0</posx>
			<posy>0</posy>
			<width>750</width>
			<height>60</height>
			<texture border="5">dialog_header.png</texture>
		</control>
		<control type="label">
			<description>header label</description>
			<posx>20</posx>
			<posy>0</posy>
			<include>WindowTitleCommons</include>
			<width>1160</width>
			<label>$LOCALIZE[24003]</label>
		</control>
		<control type="group">
			<posx>750</posx>
			<posy>0</posy>
			<include>DialogCloseButtonCommons</include>
		</control>
		<control type="image">
			<posx>0</posx>
			<posy>60</posy>
			<width>1250</width>
			<height>560</height>
			<texture>dialog_back.png</texture>
		</control>
		<control type="group">
			<posx>20</posx>
			<posy>70</posy>
			<control type="label">
				<description>Title</description>
				<posx>20</posx>
				<posy>0</posy>
				<width>760</width>
				<height>30</height>
				<align>left</align>
				<aligny>center</aligny>
				<font>font28_title</font>
				<label>$INFO[ListItem.AddonName]</label>
				<scroll>true</scroll>
			</control>
			<control type="image">
				<description>Logo</description>
				<posx>0</posx>
				<posy>40</posy>
				<width>130</width>
				<height>150</height>
				<aspectratio>keep</aspectratio>
				<texture background="true">$INFO[ListItem.Icon]</texture>
			</control>
			<control type="group">
				<posx>140</posx>
				<posy>50</posy>
				<control type="label">
					<description>Type Label</description>
					<posx>200</posx>
					<posy>0</posy>
					<width>200</width>
					<height>25</height>
					<label>$LOCALIZE[146]</label>
					<align>right</align>
					<aligny>center</aligny>
					<font>font20_title</font>
				</control>
				<control type="label">
					<description>Type Value</description>
					<posx>210</posx>
					<posy>0</posy>
					<width>500</width>
					<height>25</height>
					<label fallback="10005">$INFO[ListItem.AddonType]</label>
					<align>left</align>
					<aligny>center</aligny>
					<font>font20</font>
					<scroll>true</scroll>
				</control>
				<control type="label">
					<description>Author txt</description>
					<posx>200</posx>
					<posy>30</posy>
					<width>200</width>
					<height>25</height>
					<label>$LOCALIZE[21863]:</label>
					<align>right</align>
					<aligny>center</aligny>
					<font>font20_title</font>
				</control>
				<control type="label">
					<description>Author Value</description>
					<posx>210</posx>
					<posy>30</posy>
					<width>730</width>
					<height>25</height>
					<label fallback="10005">$INFO[ListItem.AddonCreator]</label>
					<align>left</align>
					<aligny>center</aligny>
					<font>font20</font>
					<scroll>true</scroll>
				</control>
				<control type="label">
					<description>Version txt</description>
					<posx>200</posx>
					<posy>60</posy>
					<width>200</width>
					<height>25</height>
					<label>$LOCALIZE[24051]</label>
					<align>right</align>
					<aligny>center</aligny>
					<font>font20_title</font>
				</control>
				<control type="label">
					<description>Version Value</description>
					<posx>210</posx>
					<posy>60</posy>
					<width>730</width>
					<height>25</height>
					<label fallback="10005">$INFO[ListItem.AddonVersion]</label>
					<align>left</align>
					<aligny>center</aligny>
					<font>font20</font>
					<scroll>true</scroll>
				</control>
				<control type="label">
					<description>Summary txt</description>
					<posx>200</posx>
					<posy>90</posy>
					<width>200</width>
					<height>25</height>
					<label>$LOCALIZE[20037]:</label>
					<align>right</align>
					<aligny>center</aligny>
					<font>font20_title</font>
				</control>
				<control type="fadelabel">
					<description>Summary Value</description>
					<posx>210</posx>
					<posy>90</posy>
					<width>730</width>
					<height>25</height>
					<label fallback="10005">$INFO[ListItem.AddonSummary]</label>
					<align>left</align>
					<aligny>center</aligny>
					<font>font20</font>
					<scrollout>false</scrollout>
					<pauseatend>2000</pauseatend>
				</control>
				<control type="label">
					<description>Disclaimer txt</description>
					<posx>200</posx>
					<posy>120</posy>
					<width>200</width>
					<height>25</height>
					<label>$LOCALIZE[24052]:</label>
					<align>right</align>
					<aligny>center</aligny>
					<font>font20_title</font>
					<textcolor>selected</textcolor>
					<visible>String.IsEmpty(ListItem.AddonBroken)</visible>
				</control>
				<control type="textbox">
					<description>Disclaimer</description>
					<posx>210</posx>
					<posy>117</posy>
					<width>730</width>
					<height>50</height>
					<font>font20</font>
					<label fallback="231">$INFO[ListItem.AddonDisclaimer]</label>
					<textcolor>selected</textcolor>
					<autoscroll time="2000" delay="3000" repeat="5000">true</autoscroll>
					<visible>String.IsEmpty(ListItem.AddonBroken)</visible>
				</control>
				<control type="label">
					<description>Broken label</description>
					<posx>200</posx>
					<posy>120</posy>
					<width>200</width>
					<height>25</height>
					<font>font20_title</font>
					<label>$LOCALIZE[24098]:</label>
					<align>right</align>
					<aligny>center</aligny>
					<textcolor>selected</textcolor>
					<visible>!String.IsEmpty(ListItem.AddonBroken)</visible>
				</control>
				<control type="textbox">
					<description>Reason label</description>
					<posx>210</posx>
					<posy>117</posy>
					<width>730</width>
					<height>50</height>
					<font>font20</font>
					<label>$INFO[ListItem.Addonbroken]</label>
					<align>left</align>
					<aligny>center</aligny>
					<textcolor>selected</textcolor>
					<autoscroll time="2000" delay="3000" repeat="5000">true</autoscroll>
					<visible>!String.IsEmpty(ListItem.AddonBroken)</visible>
				</control>
			</control>
		</control>
		<control type="grouplist" id="9000">
			<posx>10</posx>
			<posy>300</posy>
			<width>780</width>
			<height>50</height>
			<onleft>9000</onleft>
			<onright>9000</onright>
			<onup>50</onup>
			<ondown>49</ondown>
			<orientation>horizontal</orientation>
			<control type="button" id ="6">
				<description>Enable Addon button</description>
				<width>100</width>
				<include>ButtonInfoDialogsCommonValues</include>
				<label>24022</label>
			</control>
			<control type="button" id="7">
				<description>Disable Addon button</description>
				<width>100</width>
				<include>ButtonInfoDialogsCommonValues</include>
				<label>24021</label>
			</control>
			<control type="button" id="9">
				<description>Addon Settings</description>
				<width>140</width>
				<include>ButtonInfoDialogsCommonValues</include>
				<label>24020</label>
			</control>
			<control type="button" id="8">
				<description>Update Addon button</description>
				<posx>0</posx>
				<posy>50</posy>
				<width>120</width>
				<include>ButtonInfoDialogsCommonValues</include>
				<label>24069</label>
			</control>
			<control type="radiobutton" id="13">
				<description>Auto-Update button</description>
				<posy>50</posy>
				<width>260</width>
				<align>left</align>
				<include>ButtonInfoDialogsCommonValues</include>
				<label>21340</label>
			</control>
			<control type="button" id="12">
				<description>Changelog button</description>
				<posy>50</posy>
				<width>100</width>
				<include>ButtonInfoDialogsCommonValues</include>
				<label></label>
			</control>
		</control>
	</controls>
</window>
