<?xml version="1.0" encoding="UTF-8"?>
<window>
	<onload condition="Window.IsVisible(yesnodialog)">SetFocus(9000)</onload>
	<coordinates>
		<posx>50</posx>
		<posy>70</posy>
	</coordinates>
	<include>dialogeffect</include>
	<controls>
		<include>BehindDialogFadeOut</include>
		<control type="image">
			<posx>0</posx>
			<posy>0</posy>
			<width>700</width>
			<height>60</height>
			<texture border="5">dialog_header.png</texture>
		</control>
		<control type="group">
			<posx>630</posx>
			<posy>0</posy>
			<include>DialogCloseButtonCommons</include>
		</control>
		<control type="label" id="1">
			<description>header label</description>
			<posx>20</posx>
			<posy>0</posy>
			<include>WindowTitleCommons</include>
			<width>600</width>
		</control>
		<control type="image">
			<description>Background</description>
			<posx>0</posx>
			<posy>60</posy>
			<width>700</width>
			<height>250</height>
			<texture>dialog_back.png</texture>
		</control>
		<control type="textbox" id="9">
			<posx>20</posx>
			<posy>72</posy>
			<width>660</width>
			<height>138</height>
			<label></label>
			<font>font22</font>
		</control>
		<control type="progress" id="20">
			<description>Progressbar</description>
			<posx>20</posx>
			<posy>210</posy>
			<width>660</width>
			<height>10</height>
			<info>System.Progressbar</info>
		</control>
		<include condition="!Window.IsVisible(yesnodialog)">YesNoExtendedButtons</include>
		<include condition="Window.IsVisible(yesnodialog)">YesNoDefaultButtons</include>
	</controls>
</window>
