<?xml version="1.0" encoding="UTF-8"?>
<window>
	<defaultcontrol always="true">50</defaultcontrol>
	<views>50</views>
	<onunload>ClearProperty(PopupMenuVisible,Home)</onunload>
	<controls>
		<include>CommonBackground</include>
		<include>Header</include>
		<include>CommonNowPlaying</include>
		<include>Footer</include>
		<control type="label">
			<description>Window label</description>
			<include>MediaWindowTitleCommons</include>
			<label>$VAR[PVRSection,, - ]$LOCALIZE[19019]$INFO[Control.GetLabel(29), - ]$INFO[Control.GetLabel(30), - ]</label>
		</control>
		<control type="label" id="29">
			<visible>False</visible>
		</control>
		<control type="group">
			<include>Window_OpenClose_Animation_Zoom</include>
			<include content="PVRBack" condition="String.IsEqual(Skin.AspectRatio,16:9)">
				<param name="panel-width" value="1530"/>
			</include>
			<include content="PVRBack" condition="String.IsEqual(Skin.AspectRatio,4:3)">
				<param name="panel-width" value="1090"/>
			</include>
			<include content="PVRList" condition="String.IsEqual(Skin.AspectRatio,16:9)"> <!-- view id = 50 -->
				<param name="panel-id" value="50"/>
				<param name="panel-width" value="1530"/>
				<param name="label-width" value="1400"/>
			</include>
			<include content="PVRList" condition="String.IsEqual(Skin.AspectRatio,4:3)"> <!-- view id = 50 -->
				<param name="panel-id" value="50"/>
				<param name="panel-width" value="1090"/>
				<param name="label-width" value="960"/>
			</include>
			<include content="PVRInfo" condition="String.IsEqual(Skin.AspectRatio,16:9)">
				<param name="panel-width" value="1530"/>
				<param name="textbox-width" value="1160"/>
			</include>
			<include content="PVRInfo" condition="String.IsEqual(Skin.AspectRatio,4:3)">
				<param name="panel-width" value="1090"/>
				<param name="textbox-width" value="720"/>
			</include>
		</control>
		<include>ScrollBarCommons</include>
		<include>BottomMenu</include>
		<include content="PopupMenu">
			<param name="panel-posy">-80</param>
			<param name="panel-height">640</param>
		</include>
		<include>ScrollOffsetLabel</include>
	</controls>
</window>
